dnaSampleID,dnaSampleCode,sequenceName,taxonSequence,completeTaxonomy,domain,kingdom,phylum,class,order,family,genus,specificEpithet,scientificName,individualCount
SCBI_002-M-7-0-20140825-GEN-DNA1,,b252e6ee66777907b23c605f96c08b1b,AAGGTTTCCGTAGGTGAACCTGCGGAAGGATCATTACCGAGTTCATGCCCTCACGGGTAGATCTCCCACCCTTTGTATACTATACCTTTGTTGCTTTGGCGGGCCGCCTAGCTACTGGCTTCGGCTGGTAAGTGCCCGCCAGAGGACCCAAAACCCTGAATATTAGTGTCGTCTGAGTAAAATTTTAATATTTAAAACTTTCAACAACGGATCTCTTGGCTCTG,Fungi;;;;;;,Eukarya,Fungi,,,,,,,Fungi sp.,5
SCBI_002-M-7-0-20140825-GEN-DNA1,,b797e3a8c354d22e4f67d22515a4e288,AAGGTCTCCGTAGGTGAACCTGCGGAGGGATCATTACTGAATGGCCGTCTGGCCTTCAACCTTGTAAACCTGCGGAAGCAAGATGTGCTTCGGCGCTTCGGCGTCGCTTTTATGCTTAAATCAGTCTTTGTGTCTGAATCAAATACAAGAAATAAAACTTTCAACAAAGGATCTCTTGGCTCTC,Fungi;Ascomycota;Archaeorhizomycetes;Archaeorhizomycetales;Archaeorhizomycetaceae;Archaeorhizomyces;,Eukarya,Fungi,Ascomycota,Archaeorhizomycetes,Archaeorhizomycetales,Archaeorhizomycetaceae,Archaeorhizomyces,,Archaeorhizomyces sp.,9
SCBI_002-M-7-0-20140825-GEN-DNA1,,c06c05eb7405dd69839084cc06517ba9,AAGGTCTCCGTAGGTGAACCTGCGGAGGGATCATTATTGAATGGTCTGTCTTATGACCTTCAACCCTTCAACCTGTGGAAGCAAAATGTGCTTTGGCGCTCCGGCGCCACATTAATGCAAAATAGTTTTGTGTCTGAATCACATACAAATATTAAAACTTTCAACAAAGGATCTCTTGGCTCTC,Fungi;Ascomycota;Archaeorhizomycetes;Archaeorhizomycetales;Archaeorhizomycetaceae;Archaeorhizomyces;,Eukarya,Fungi,Ascomycota,Archaeorhizomycetes,Archaeorhizomycetales,Archaeorhizomycetaceae,Archaeorhizomyces,,Archaeorhizomyces sp.,5
SCBI_002-M-7-0-20140825-GEN-DNA1,,c6bba894f5bdaf0c01a7396777fb215b,AAGGTCTCCGTAGGTGAACCTGCGGAGGGATCATTATCGAATGGGGCCCTCGTGTCCCTCGACTCACAAACCAGGTGGAAGTGACCCGTGCTTCGGCGCTCCGGCGCCGCCTCGACGCGCAAATCCGTCGTATGTCTGAATCACATAAGAATCAAAACTTTCAACAAAGGATCTCTTGGCTCTC,Fungi;Ascomycota;Archaeorhizomycetes;Archaeorhizomycetales;Archaeorhizomycetaceae;Archaeorhizomyces;,Eukarya,Fungi,Ascomycota,Archaeorhizomycetes,Archaeorhizomycetales,Archaeorhizomycetaceae,Archaeorhizomyces,,Archaeorhizomyces sp.,4
SCBI_002-M-7-0-20140825-GEN-DNA1,,73068aeefdcdb7deaae674e18cee0c8f,AAGGTCTCCGTAGGTGAACCTGCGGAGGGATCATTAGCGAACGGCCCCCTGGGCCTTCAAGCCCCACACACCCGTGGAAGCTAGCGCGTGCTTTGGCGCCCTTGTCTGGCGCCGCCTCATGCGGCCGACCTATCTGTGTCTGAATCAAACCTAGAATTAAAACTTTCAACAAAGGATCTCTTGGCTCTT,Fungi;Ascomycota;Archaeorhizomycetes;Archaeorhizomycetales;Archaeorhizomycetaceae;Archaeorhizomyces;,Eukarya,Fungi,Ascomycota,Archaeorhizomycetes,Archaeorhizomycetales,Archaeorhizomycetaceae,Archaeorhizomyces,,Archaeorhizomyces sp.,2
SCBI_002-M-7-0-20140825-GEN-DNA1,,b51bc744ff6ec12348b0b177ce77f640,AAGGTCTCCGTAGGTGAACCTGCGGAGGGATCATTAATGAATGGCCATCTGTGGCCTTCGACCCTTCAAACTCCGTGGAGGAAAAGTGTGCTTCGGTGCTTCGGCGCCGCCTTTATGCTTTAGAGTCTGTGTCTGAATCCAAAATATAGTCTAAAACTTTCAACAAAGGATCTCTTGGCTCTC,Fungi;Ascomycota;Archaeorhizomycetes;Archaeorhizomycetales;Archaeorhizomycetaceae;Archaeorhizomyces;,Eukarya,Fungi,Ascomycota,Archaeorhizomycetes,Archaeorhizomycetales,Archaeorhizomycetaceae,Archaeorhizomyces,,Archaeorhizomyces sp.,2
SCBI_002-M-7-0-20140825-GEN-DNA1,,c44bc44d91c1f3d752481f6b3c79453b,AAGGTTTCCGTAGGTGAACCTGCGGAAGGATCATTACCTTTCAATGCAGCAGAGTTGGTATGGTTGAGTATCTCGCCTTTCAATTCTGCCTGTATTCTACCCTTGTTTCTCTTACACTATTATTTCCTCGGCAGGCTTGCTTGCCGAGTGAAACCATTTATAACCTGTTTAATTTTCAATCAGCGTCTGAACAAATTAATAATTACAACTTTCAACAACGGATCTCTTGGTTCTG,Fungi;Ascomycota;Dothideomycetes;Pleosporales;Phaeosphaeriaceae;Paraphoma;,Eukarya,Fungi,Ascomycota,Dothideomycetes,Pleosporales,Phaeosphaeriaceae,Paraphoma,,Paraphoma sp.,2
SCBI_002-M-7-0-20140825-GEN-DNA1,,23437c6801c698c3e39017c1c684ae3e,AAGGTTTCCGTAGGTGAACCTGCGGAAGGATCATTACCGAGTGAGGGCCCTCTGGGTCCAACCTCCCACCCGTGTTTACCATACCCTGTTGCTTCGGCGGGCCCGCCCTCAGCGGCCGCCGGGAGGGCCCCTTGCGCCTCCGGGCCCGCGCCCGCCGAAGACACCTGTGAACGCTTCTATTGAAGATTGCAGTCTGAGTGATTTTTTCCAAATCAATCAAAACTTTCAACAACGGATCTCTTGGTTCCG,Fungi;Ascomycota;Eurotiomycetes;Eurotiales;Aspergillaceae;Penicillium;,Eukarya,Fungi,Ascomycota,Eurotiomycetes,Eurotiales,Aspergillaceae,Penicillium,,Penicillium sp.,3
SCBI_002-M-7-0-20140825-GEN-DNA1,,051563a25347f4e5302c4b23a97e8e16,AAGGTCTCCGTAGGTGAACCTGCGGAGGGATCATTACAGAGTTCGTGCCCTCGCGGGTAGACCTCCCACCCTGTGTTATTCTTACCATGTTGCTTTGGCGGGCCGCCAGGCTCACGCCTGGCCACCGGCTCCGGCTGGTGAGCGCCCGCCAGAGGCCCTAAAAACCCTCTGATCAGTGTCGTCCGAGCACTATACAATAGTGAAAACTTTCAACAACGGATCTCTTGGTTCTG,Fungi;Ascomycota;Leotiomycetes;Helotiales;;;,Eukarya,Fungi,Ascomycota,Leotiomycetes,Helotiales,,,,Helotiales sp.,3
SCBI_002-M-7-0-20140825-GEN-DNA1,,e86956e3269cb9d7e40ccf9b10f4eb47,AAGGTTTCCGTAGGTGAACCTGCGGAAGGATCATTAGAGAGACGTTGCCCTTCGGGGTATACCTCCCACCCTTTGTTTACTATACCTTTGTTGCTTTGGCGGGCCCGTCCTCGGACCACCGGCTCCGGCTGGTCAGCGCCCGCCAGAGGACCTAAAACTCTGTTTGTTCATATTGTCTGAGTACTATATAATAGTTAAAACTTTCAACAACGGATCTCTTGGTTCTG,Fungi;Ascomycota;Leotiomycetes;Thelebolales;;;,Eukarya,Fungi,Ascomycota,Leotiomycetes,Thelebolales,,,,Thelebolales sp.,6
SCBI_002-M-7-0-20140825-GEN-DNA1,,2406cec68ba011f72ace42ecace6d96e,AAGGTCTCCGTTGGTGAACCAGCGGAGGGATCATTACCGAGTTTACAACTCCCAAACCCCTGTGAACATACCATTTGTTGCCTCGGCGGTGCCTGCTTCGGCAGCCCGCCAGAGGACCCAAACCCTTGATTTTATACAGTATCTTCTGAGTAAATGATTAAATAAATCAAAACTTTCAACAACGGATCTCTTGGTTCTG,Fungi;Ascomycota;Sordariomycetes;Hypocreales;Nectriaceae;;,Eukarya,Fungi,Ascomycota,Sordariomycetes,Hypocreales,Nectriaceae,,,Nectriaceae sp.,11
SCBI_002-M-7-0-20140825-GEN-DNA1,,6a74546fcceb926675c2723a11df0e6b,AAGGTCTCCGTTGGTGAACCAGCGGAGGGATCATTAGCGAGTTGCAAAACTCCCAAACCATTGTGAACTTACCTGTACCGTTTCTTCGGCGGGCGGCTCGCGCCCTAACCTGCCGCCCCTCACGGGGCTGGCGGACCCGCCGGAGGCCCTAAACCCTTAGCTTTTTTGGCACTTCTGAGTACAACTTTTAATAAGTCAAAACTTTCAACAACGGATCTCTTGGCTCTG,Fungi;Ascomycota;Sordariomycetes;Sordariales;;;,Eukarya,Fungi,Ascomycota,Sordariomycetes,Sordariales,,,,Sordariales sp.,2
SCBI_002-M-7-0-20140825-GEN-DNA1,,5fce66f26bf5a33b96082387b2a4023b,AAGGTCTCCGTTGGTGAACCAGCGGAGGGATCATTATAGAGTTGTAAAACTCCCAAAACCCATGTGAACATACCTCTGTTGCCTCGGTGGCCTATCTGGTAGCTATTCTATAGTCGCCCTATAGTCCACCGACGGACCACAAAACTCTATTTTTTTTAATATCTCTGAGTCAACTATAAATAAGTTAAAACTTTCAACAACGGATCTCTTGGTTCTG,Fungi;Ascomycota;Sordariomycetes;Xylariales;;;,Eukarya,Fungi,Ascomycota,Sordariomycetes,Xylariales,,,,Xylariales sp.,3
SCBI_002-M-7-0-20140825-GEN-DNA1,,e841013fbe3f49a6405283d97928d923,AAGGTTTCCGTAGGTGAACCTGCGGAAGGATCATTATTGAAATAAAACTTGGTTGGGTTGTTGCTGGCTTTCAGGAGCATGTGCACACTTGATCCATTTTTTAACCACCTGTGCACTCACTGTAGGCCTGGAATGAACATGTTCAAGGATTTATATAAATATATATATAAGCACTTGGTTTGAGAATTTGCCCTTGGGGGCTGTTCTTGTGTTCCCCTGGGTCTATGTTTTACACAATATACTCCATAACAAGTAATAGAATGACAATT,Fungi;Basidiomycota;Agaricomycetes;Agaricales;Entolomataceae;Entoloma;Entoloma_griseum,Eukarya,Fungi,Basidiomycota,Agaricomycetes,Agaricales,Entolomataceae,Entoloma,Entoloma_griseum,Entoloma griseum,6
SCBI_002-M-7-0-20140825-GEN-DNA1,,1d3fa91c5a11c5490bf713d769401f03,AAGGTTTCCGTAGGTGAACCTGCGGAAGGATCATTATTGAATAAACTTGCGCAGGCTGTTGCTGGCCTTCTCTTTGGGGGCATGTGCACGCTTGTCATCTTTATTTCTCCAACTGTGCACATATTGTAGACCTGGAGTTCTTGTTGACTTGTTTCGAGTTGGGACTGCTGTGCTTTTTTAAAGTCAGCTTTGCCTTATGTTTCCAGGTCTATGTCATTTTCACAACC,Fungi;Basidiomycota;Agaricomycetes;Agaricales;Inocybaceae;Inocybe;,Eukarya,Fungi,Basidiomycota,Agaricomycetes,Agaricales,Inocybaceae,Inocybe,,Inocybe sp.,19
SCBI_002-M-7-0-20140825-GEN-DNA1,,190d9173553df8693a7f838d1266de13,AAGGTTTCCGTAGGTGAACCTGCGGAAGGATCATTAACGAACAGAAAGGACGGGTTCGCCCATCCTTTCATCCTATCTATATCACACCTGTGCACCCTTAGTAGGCTCTCTCTCTCGGGAGGGGGTCTATGTTTCGAACGTACCCTATGTACTACTATACACAATCCAAGGCCAGAATGTTAAACAATTTACAACTTTCAGCAACGGATCTCTTGGCTCTC,Fungi;Basidiomycota;Agaricomycetes;Boletales;Boletaceae;Tylopilus;,Eukarya,Fungi,Basidiomycota,Agaricomycetes,Boletales,Boletaceae,Tylopilus,,Tylopilus sp.,2
SCBI_002-M-7-0-20140825-GEN-DNA1,,199e2ef61ca384498714953078eadefa,AAGGTTTCCGTAGGTGAACCTGCGGAAGGATCATTATTGAATGAATTTAGGAGTTGGTTTGATGCTGGCCGACAACCCCAAGGGCATGTGCACGCCTTCTCCTTCATCCACACACACCTGTGCACTTGTGAGACTGAGGATTAATTTCCTCCGTCTACTAATCACACAAACTCATTGTAATTGAACTGAATGTAATTGATGTAACACATCATTTGAACTAAGTTTCAACAACGGATCTCTTGGCTCTC,Fungi;Basidiomycota;Agaricomycetes;Cantharellales;Ceratobasidiaceae;;,Eukarya,Fungi,Basidiomycota,Agaricomycetes,Cantharellales,Ceratobasidiaceae,,,Ceratobasidiaceae sp.,2
SCBI_002-M-7-0-20140825-GEN-DNA1,,2630eafec08a0be469073f3b8b9ca516,AAGGTTTCCGTAGGTGAACCTGCGGAAGGATCACTACCGAGTCGTCGACACGAGTTGTTGCTGGCCTTCAAGCGGAGGCACGTGCACGCTCTGTTTGCACATCCATCCACCCCTGTGCACCTTTTGTAGTTCTACGGTCTGGGAGGCTCCGCTTCCCTTCCGCGGTTCTACGTCTTTACACAC,Fungi;Basidiomycota;Agaricomycetes;Thelephorales;Thelephoraceae;;,Eukarya,Fungi,Basidiomycota,Agaricomycetes,Thelephorales,Thelephoraceae,,,Thelephoraceae sp.,2
SCBI_002-M-7-0-20140825-GEN-DNA1,,48972df77e9f282bac6d7d920a7872cc,AAGGTTTCCGTAGGTGAACCTGCGGAAGGATCATTAGTGAATTTGTAGCCTCCAAGGCTCACATTCTCTATCCTTTACACACCTGTGCACCCTTCTGAAGCGGAGAGTTATTAGGCATTAGCCGAGCGCCTCCCTTCGGTCATTATATCAAACTCAAACTACGTTTACTAGAATGTATACCGTCTTGTTGTAACGACAAGTACAATCCAATAAAACTTTCAGCAACGGATCTCTTGGCTCAG,Fungi;Basidiomycota;Geminibasidiomycetes;Geminibasidiales;Geminibasidiaceae;Geminibasidium;,Eukarya,Fungi,Basidiomycota,Geminibasidiomycetes,Geminibasidiales,Geminibasidiaceae,Geminibasidium,,Geminibasidium sp.,10
SCBI_002-M-7-0-20140825-GEN-DNA1,,2f1253603f53508a4154b011a1d780da,AAGGTTTCCGTAGGTGAACCTGCGGAAGGATCACTAAAGAATTCGCCCTTCGGGGCTCTCTTTATTCACACACCCCTGTGCACTTTGGCCACCTCTTTGTTGAGGTGTGTCTTTTTAAATTACCATACCCTATAAACACAAGTTATTGAATGTAAAATCGTTATAAACTAATATAACTTTCAACAACGGATCTCTTGGTTCTC,Fungi;Basidiomycota;Tremellomycetes;Cystofilobasidiales;Cystofilobasidiaceae;Cystofilobasidium;,Eukarya,Fungi,Basidiomycota,Tremellomycetes,Cystofilobasidiales,Cystofilobasidiaceae,Cystofilobasidium,,Cystofilobasidium sp.,4
SCBI_002-M-7-0-20140825-GEN-DNA1,,9bb4a76411c3d4a9bcb5100c876e435d,AAGGTTTCCGTAGGTGAACCTGCGGAAGGATCATTCATAATAAGTGTTTTATGGCACTTTTAAAATCCATATCCACCTTGTGTGCAATGTTAAGAGGGACAATTTGAGAGATCGTAAAAAAATCTTTCGTCCTGTTCTTTTTCATAACAAACTCATTTTTTAACATATCGTCTGAAAACTATTATGAATACTTAATTCAAAATATAACTTTCAACAACGGATCTCTTGGCTCTC,Fungi;Mortierellomycota;Mortierellomycetes;Mortierellales;;;,Eukarya,Fungi,Mortierellomycota,Mortierellomycetes,Mortierellales,,,,Mortierellales sp.,21
SCBI_002-M-7-0-20140825-GEN-DNA1,,1d59fb62df86a860877aa7a964d29c4b,AAGGTTTCCGTAGGTGAACCTGCGGAAGGATCATTCACAATGAGTGTTTTATGGCACTCTTTAAAAATCCATATCCACCTTGTGTGCAATGTTTGTTGGGAGAGAGGCAACTCTTTCCCTTCACAAATATCAACCTATATCTTTAACAACATTCGTCTGATAACATATTATGAATATACTTAATTCAAAATATAACTTTCAACAACGGATCTCTTGGCTCTC,Fungi;Mortierellomycota;Mortierellomycetes;Mortierellales;Mortierellaceae;Mortierella;,Eukarya,Fungi,Mortierellomycota,Mortierellomycetes,Mortierellales,Mortierellaceae,Mortierella,,Mortierella sp.,29
SCBI_002-M-7-0-20140825-GEN-DNA1,,e8d983194082f08a34df04ff7e8aff8d,AAGGTTTCCGTAGGTGAACCTGCGGAAGGATCATTCACAAACGAGTGTTTTATGGCACTCTTTAAAAATCCATATCCACCTTGTGTGCAATGTTTGTTGGGAAAGTCTTTTCTTTCCCTTCATAAATATCAACCTATATCTTTAACAACATTCGTCTGATAACATATTATGAATATACTTAATTCAAAATATAACTTTCAACAACGGATCTCTTGGCTCTC,Fungi;Mortierellomycota;Mortierellomycetes;Mortierellales;Mortierellaceae;Mortierella;,Eukarya,Fungi,Mortierellomycota,Mortierellomycetes,Mortierellales,Mortierellaceae,Mortierella,,Mortierella sp.,29
SCBI_002-M-7-0-20140825-GEN-DNA1,,c708c55409bb5d1a730fa8c50f36be61,AAGGTTTCCGTAGGTGAACCTGCGGAAGGATCATTCATAATAAGTGTTTTATGGCACTTTTTAAATCCATATCCACCTTGTGTGCAATGTCAGTCGATCTTCTTCATGGAGGTCGACCAAACATCAACCTAATCTTTTAACTCTTTGTCTGAAAAATATTATGAATAAACAATTCAAAATACAACTTTCAACAACGGATCTCTTGGCTCTC,Fungi;Mortierellomycota;Mortierellomycetes;Mortierellales;Mortierellaceae;Mortierella;,Eukarya,Fungi,Mortierellomycota,Mortierellomycetes,Mortierellales,Mortierellaceae,Mortierella,,Mortierella sp.,39
SCBI_002-M-7-0-20140825-GEN-DNA1,,a1353ccf41ef09793eea264c978bcd2b,AAGGTTTCCGTAGGTGAACCTGCGGAAGGATCATTCATAATAAGTGTTCTACTGCACTTTTTAAACAAGTACTCACCTTGTGTGCAATGTTTGCTGGCGTGTCGTTCATTCGTCGCGTCGGCATAATACCAACCTTTTTTATTTTAATCTTTTGTCTTAAGCTATTTTGAATAACATAATTCTTAATACAACTTTCAACAACGGATCTCTTGGCTCTC,Fungi;Mortierellomycota;Mortierellomycetes;Mortierellales;Mortierellaceae;Mortierella;,Eukarya,Fungi,Mortierellomycota,Mortierellomycetes,Mortierellales,Mortierellaceae,Mortierella,,Mortierella sp.,12
SCBI_002-M-7-0-20140825-GEN-DNA1,,36469b5bbc47d1c204174081951ea077,AAGGTTTCCGTAGGTGAACCTGCGGAAGGATCATTCATAATAAGTGTTTTATGGCACTTTTTAAATCCATATCCACCTTGTGTGCAATGTTTTGAAAATCGCCTTCTTGGTGGTTTTTTAATTACATCAACCAATTTTAACAAATTTGTCTTAAAAATTCTTGAATAAATATAATTCAAAAAACAACTTTCAACAACGGATCTCTTGGCTCTC,Fungi;Mortierellomycota;Mortierellomycetes;Mortierellales;Mortierellaceae;Mortierella;,Eukarya,Fungi,Mortierellomycota,Mortierellomycetes,Mortierellales,Mortierellaceae,Mortierella,,Mortierella sp.,69
SCBI_002-M-7-0-20140825-GEN-DNA1,,af2f852aed397018ddd3a0026dc247b4,AAGGTTTCCGTAGGTGAACCTGCGGAAGGATCATTCATAATAAGTGTTTTATGGCACTTTTTAAATCCATATCCACCTTGTGTGCAATGTCAGTCGGTTTTCTTTTTCGTCAAGAAAAAAAGGATCGACCAAACATCAACTTATTCTAATTGAACTTTTGTCTGAAAACTATTATGAATAAACTAATTCAAAATACAACTTTCAACAACGGATCTCTTGGCTCTC,Fungi;Mortierellomycota;Mortierellomycetes;Mortierellales;Mortierellaceae;Mortierella;,Eukarya,Fungi,Mortierellomycota,Mortierellomycetes,Mortierellales,Mortierellaceae,Mortierella,,Mortierella sp.,56
SCBI_002-M-7-0-20140825-GEN-DNA1,,0fbe8fa1681ac73b0432612b4bc32398,AAGGTTTCCGTAGGTGAACCTGCGGAAGGATCATTCATAATAAGTGTTTTATGGCACTTTTTAAATCCATATCCACCTTGTGTGCAATGTCAGTCGTTCTCTTTTTTGAGAGCGACCAAACATCAACTTATTCTTTAACTCTTTGTCTGAAAAATATTATGAATAAAATAATTCAAAATACAACTTTCAACAACGGATCTCTTGGCTCTC,Fungi;Mortierellomycota;Mortierellomycetes;Mortierellales;Mortierellaceae;Mortierella;,Eukarya,Fungi,Mortierellomycota,Mortierellomycetes,Mortierellales,Mortierellaceae,Mortierella,,Mortierella sp.,27
SCBI_002-M-7-0-20140825-GEN-DNA1,,eb1365fc424fa9f63d2103968d2f66c3,AAGGTTTCCGTAGGTGAACCTGCGGAAGGATCATTCATAATAAGTGTTTTATGGCACTTTTTAAATCCATATCCACCTTGTGTGCAATGTCAGTCGATCTTCTTCATGGAGATCGGCCAAACATCAACCTTATTTTTTAACTCTTTGTCTGAAAAATATTATGAATAAACAATTCAAAATACAACTTTCAACAACGGATCTCTTGGCTCTC,Fungi;Mortierellomycota;Mortierellomycetes;Mortierellales;Mortierellaceae;Mortierella;,Eukarya,Fungi,Mortierellomycota,Mortierellomycetes,Mortierellales,Mortierellaceae,Mortierella,,Mortierella sp.,83
SCBI_002-M-7-0-20140825-GEN-DNA1,,108ef1f408152f8ebcb03136676e8cbb,AAGGTTTCCGTAGGTGAACCTGCGGAAGGATCATTCATAATAAGTGTTTTATGGCACTTTTTAAATCCATATCCACCTTGTGTGCAATGTCGGTCGATCTTTCTTCTTGGAAGATCGGCCAAACATCAACTTATTTTTTTAACTCTTTGTCTGAAAAATATTATGAATAAACAATTCAAAATACAACTTTCAACAACGGATCTCTTGGCTCTC,Fungi;Mortierellomycota;Mortierellomycetes;Mortierellales;Mortierellaceae;Mortierella;,Eukarya,Fungi,Mortierellomycota,Mortierellomycetes,Mortierellales,Mortierellaceae,Mortierella,,Mortierella sp.,18
SCBI_002-M-7-0-20140825-GEN-DNA1,,d6434cdb5d8edca6adca28bbbbad49a0,AAGGTTTCCGTAGGTGAACCTGCGGAAGGATCATTCATAACAAGTGTTCTACTGCACTTTTTAAACAAGTACTCACCTTGTGTGAAATGTTTGTGCTGCACGCGTCGCGTCAGTGACGCGTCATGCGCATAATACCAACTTTTTTATTGCAATTTTTTTGTCTGAAGCTATTTTTGAATGAAATAATTCTAAATACAACTTTCAACAACGGATCTCTTGGCTCTC,Fungi;Mortierellomycota;Mortierellomycetes;Mortierellales;Mortierellaceae;Mortierella;,Eukarya,Fungi,Mortierellomycota,Mortierellomycetes,Mortierellales,Mortierellaceae,Mortierella,,Mortierella sp.,14
SCBI_002-M-7-0-20140825-GEN-DNA1,,6c7453e630c91635560c6b8920741385,AAGGTTTCCGTAGGTGAACCTGCGGAAGGATCATTCATAATCAAGTGTTTTTATGGCACTTTCAAAAATCCATATCCACCTTGTGTGCAATGTCATCTCACTGGGGGCCACCGGCTGTCAAAAGCCGTCTGGTCACCTTTGGGATTCATATCTACTCAGAACTTTAGTGATTTTGTCTGAAACATATTATGAATACTTAATTCAAAATACAACTTTCAACAACGGATCTCTTGGCTCTC,Fungi;Mortierellomycota;Mortierellomycetes;Mortierellales;Mortierellaceae;Mortierella;,Eukarya,Fungi,Mortierellomycota,Mortierellomycetes,Mortierellales,Mortierellaceae,Mortierella,,Mortierella sp.,18
SCBI_002-M-7-0-20140825-GEN-DNA1,,162c9cd823577e360e2b3b40336c54b4,AAGGTTTCCGTAGGTGAACCTGCGGAAGGATCATTAACAAATCCAATGCTTGTGGGGTGACTTTTATAGTCATCTTGCAAATATTAATCCGCTGGCCTCGCAAGGGGCTGGTTGATAGATAACATAAATGTGTGTAGTGTTGACAGTGTGTGATATTTAATTAATTATTGACAACTTTTAACAATGGATCTCTAGGCTCTT,Fungi;Rozellomycota;Rozellomycotina_cls_Incertae_sedis;GS11;;;,Eukarya,Fungi,Rozellomycota,Rozellomycotina_cls_Incertae_sedis,GS11,,,,GS11 sp.,3
SCBI_002-M-7-0-20140825-GEN-DNA1,,fca209388779027afb4f3f17c4bcd0cb,GGGCGATGCTGCTTTCATCTCTGCTTGGCTAAAGGTGTGCGCCTGCCATTATAAATTAGCGGGTTAACCTTTGATCTTTTCCAGCTGTCCATCGGGTCTAGGCGGTGGGGATACCTTGGCCGCAGGTTGGCGCCCAAAAAACTTCATGATTACCGAAAAGAAAACCGGCGTTAAGAAAATTCCGAAGAACGTTACTCCAA,Unclassified,Unclassified,,,,,,,,Unclassified sp.,17
SCBI_002-M-7-0-20140825-GEN-DNA1,,1419a22d6747af045830ab5089a72c87,GCCTTCAAAGACATCGACGTTCAACGCGAATTCCATAAAGCCACCAGATGGTGCAAAGAAAACAGGCGCCAACTCACACGGCGCCGTTTCGTCAATTGGCTCAACCGCGCAGATAGATCAATCTCACCGCCTAAACAACCAGCACCCCATTACCCACAACTCCCCACTTCACGTACAC,Unclassified,Unclassified,,,,,,,,Unclassified sp.,14
SCBI_002-M-7-0-20140825-GEN-DNA1,,a62911f114569179b493a3aec07d4011,AAGGTTTCCGTAGGTGAACCTGCGGAAGGATCATTATTGATTCCAGAGGGATGTGCTGGCTCTCTTGTGGAGCAATCGTGCACTCTCTCAAATCTAACTCTATTCACCTGTGCACACTTGGTAGGCAAGTAGGATGGAAACTATGTTTCCATCTATCATTGCTTATCGTCTTTTACACACCCTTTTAAATGCCATGAATGTAATTGAAATAATAAATATAACAACTTTCAACAATGGATCTCTTGGTTCTC,Unclassified,Unclassified,,,,,,,,Unclassified sp.,9
SCBI_002-M-7-0-20140825-GEN-DNA1,,960e4b8e52b2e3dc66986aae02b340e1,AAGGTCTCCGTAGGTGAACCTGCGGAGGGATCATTACCAAACGGCCTCTCTAGGCCTTGGACCTTGTCAACCCGTGGAAGATGAAATGTGCCTCGGCGCGGCCCGGTCATCCCCGGGGGCGCCGCCCTTTATGCTCAAATCAGTCTTTGAGTCTGAATATGAAACAAGAATCAAAACTTTCAACAAAGGATCTCTTGGCTCTC,Unclassified,Unclassified,,,,,,,,Unclassified sp.,7
SCBI_002-M-7-0-20140825-GEN-DNA1,,bf9648c6ea6e2d7f80be85931bddd70d,AAGGTTTCCGTAGGTGAACCTGCGGAAGGATCATTACCGAGTAAGGGTTCCCCCCAACCGCGGGGGGGCCCGATCTCTCCACCGTGCTGAATCATCACCCTGTTGCTTCAGCGGGCTGGCTGGCAGGGCGAATGGTCCCTGTGGCGCCTTTGCCCGCTGGAGACTTTTGAAGCACTGATGGTTAGTGAAATTCTAGTCTGAGTGGGCACAGAATCGGTTGTAAAACTTTCAACAATGGATCTCTTGGTTCCG,Unclassified,Unclassified,,,,,,,,Unclassified sp.,7
SCBI_002-M-7-0-20140825-GEN-DNA1,,3a8dd53aad5a8ec98178770c6a967143,AAGGTCTCCGTAGGTGAACCTGCGGAGGGATCATTATTGAATGGTCATCCTTGATCTTCACTTTCCAAACCCCTGTGGATTTAAAGCGTGCTTCGGGGTCGATCGACCCCGCTTTTATGCTTCTGAAAGCCTTTAATGTCAGCCTGAAAAACAAAAGTCAAAACTTTCAACAAAGGATCTCTTGGCTCTC,Unclassified,Unclassified,,,,,,,,Unclassified sp.,6
SCBI_002-M-7-0-20140825-GEN-DNA1,,b572d800b2514a73b5a41c3c96437c47,TTGTTTTGCCAGGCGAGACTGTAGCGGCAGTCTCCGACCGCCGACCTCGCGGGCGCGGCGCTCAGAGAACGCCGCTTAAGGCCACAGCGCATGTCTCAGCCACCGATGACCCGCCCGAAAAATTTGATACGCACACGCCGGGAGCGCCGCTCGTGGTCGAGCAGATCATTCGGCCCACCGGACTTCTCGATCCGAAAATCACGATCAAGCCGCTTAAGAATCA,Unclassified,Unclassified,,,,,,,,Unclassified sp.,6
SCBI_002-M-7-0-20140825-GEN-DNA1,,de68ab62ad01f5383c0e35de9072ec67,GGATCGACTTCGGTGCGTCCAACCAGATCGTAACCGGAGTAGTGGCCGAGCTGGAAATACTCGATCTGGCCCTTCTGCGGACCCTTGGCCTCATACTCGGTGTCGCAATCGTAGAAGCGAAGATCGTAGTCGTCCGAAGTGATCGGACGGAACACGTTGTTCCAGATGATCTTCACACCGACGTCCTGGTCGTTG,Unclassified,Unclassified,,,,,,,,Unclassified sp.,5
SCBI_002-M-7-0-20140825-GEN-DNA1,,3c7557083fe4676608123d68bbedefe5,GGCGCCATCCGCCGCACCACCTCAGCCCCGCCCGGGCAAATCACCCGGCAGGGCAGGACCCTGAAGCGCGCCTTAGCCGCCCAAGTCACCACAGCAACGCTCCGATCAGTCCCGAAAGCCAGTCAATTCTGAGCAAGATTGTTGCTCTTACGCCTAGCAGCCTGTCGGACTGAGAATTCGATTTTGGTGAGTGCAGCTGACGGCGTTGCGGATCATGGTGACCGGGGCGATCATAGTGGTTGCCGTTAGG,Unclassified,Unclassified,,,,,,,,Unclassified sp.,4
SCBI_002-M-7-0-20140825-GEN-DNA1,,9fb8fd32b89a69ce15dc6029dff41f67,AAGGTTTCCGTAGGTGAACCTGCGGAAGGATCATTATCGAATGCAATATGGGGATGTTGCTGGTCATTCGTGACAATGTGCACTCCTCTATTCCATCATTATATCCACCTGTGCACATGAAGTAGGCATATACGGATTTAGTTCTGTTGCCTATGCTTTTTTTCAATCACACCTGTGAAAGATTGTAACTATTGTTATAAATAAAATATGACAACTTTCAACAATGGATCTCTTGGTTCTC,Unclassified,Unclassified,,,,,,,,Unclassified sp.,3
SCBI_002-M-7-0-20140825-GEN-DNA1,,6ea4ab8008555c1ea0dc77ba4f0a1d3f,AGTTGATTGCCTTGCGTAGAGATGGTTTCTTTGTTCCAGACGTATGTTGAAAGTGAAAGACACGCTGCGCGCCACTGTGCACATGAGTTTTGATGGCCGGGTGGTCAAGGTGTATCACGGGCCGGATGCAGAAAAGCGTTTCGCGAATGAGGTGCGTATATTGCGGCATCTCGCAGAGCGCGGGTGTGATTTTGTGCCGAAGTTGCTGGAGGCGGATGAGGCGAAGCTCC,Unclassified,Unclassified,,,,,,,,Unclassified sp.,2
SCBI_002-M-7-0-20140825-GEN-DNA1,,071f209acac433dbffa700b754d2a42e,CAGGTCGAGCTCCTGGAAGGCATCTTTATAGTAATGCCCAAACGGCGGCCCCCCAGCGATCGCCACCACCGGCGAATGCCCGACGTATGCCGAAGCGATGCCCGTAAGCAGATTCGTCGCCCCCGGGCCACTGGTGACCAGGCACACTGCTGGCGTGCCGGTAACCCGCGCCAGGCCGTCAGCCATGAATGCGGCCCCCTGCTCGTGGCGTACATTGATGTACTCCACGCTCTTA,Unclassified,Unclassified,,,,,,,,Unclassified sp.,2
SCBI_002-M-7-0-20140825-GEN-DNA1,,e765379d6fac04b86f71f48042d055e2,CATGACCGGCGAAGTATTGGCCTATGAGTTGCGACGCGTCCGGCCGGACATTCCTATCATTCTCTACACGGGTTTCGGCGACACCATGGTGGCGGCGAGTGCCCGCGCCTTGGGGATTGATGCCTTCGTCCTGAAGCCTGTGCGAATTCGTGACCTAAACCTGGCAATCCGCCAAGTGTTGGCGCAGCGTATGGTGCAGGAGACATGAGCCTGTGCGGGATGGTCGCAGGGAGAGCACAGACCGTCTGATGA,Unclassified,Unclassified,,,,,,,,Unclassified sp.,2
SCBI_002-M-7-0-20140825-GEN-DNA1,,70bcfad1abcd4ee550c83d7dfef830f2,CTCCGTCCGGGATCATGAGCGAGAAAAAGGGGCTGGGGAACAGGCGAAATCGGCAAGGGCTAGAGCCAGCTTTCGCGACGTCAGTTACCCACGGCGACGCGCCCGCGATCGCCGGCCCGCTCGTGCCGCTGAGCTACGCGTCCCAATCCGAGAAGGACGCGGGAGGACTCGAACCTCCGACCGCGCCG,Unclassified,Unclassified,,,,,,,,Unclassified sp.,2
SCBI_002-M-7-0-20140825-GEN-DNA1,,2cd87501c6cba4fc15cc770e1e62881f,CTCTTATACACATCTCCGAGCCCACGAGAGACAACGGTACCGCAACACTCGGGATGATCGTCGCCGCTACGTTTCTCAAGAAAAGAAAAATCACCATCACCACGAGCGCGACGGTCAGCATGAGCTCGAACTGGACATCGGCGACCGATGCGCGAATGGTCAAGGTGCGATCCGTCAGAACGGCGACCTGAATGGACGAGGGCA,Unclassified,Unclassified,,,,,,,,Unclassified sp.,2
SCBI_002-M-7-0-20140825-GEN-DNA1,,cfd030850071157922452f1551291847,CTCTTATACACATCTCCGAGCCCACGGCAAATCGAGGTAAGAGATGGGAGTACGTTATCTAAAAAAGCTAAAACTATGGTCGAGCCTTCGCTAAAGAGTTGATAGACAGCTGCGACATCCAAGCTCCCATTTCTCGTTGTGTAATCCGCAGACCTTACTTCTTTGTCGGCATTTTTCAGAGTGATGTCGGGATAGGTCAGATTCAGCGTCGTAATGGCGCGATCG,Unclassified,Unclassified,,,,,,,,Unclassified sp.,2
SCBI_002-M-7-0-20140825-GEN-DNA1,,c71679866bb7b49b9db35221ed9a2ffa,CTCTTATACACATCTCCGAGCCCAGCACCGGCGAATTGGGCGAAACTCCGCTCAGTGCGACGCAGGATCGCATCCTGTCTGCCGCGCTCGAGTTGTTCGGTGAGCACGGCGTCAACGGCACCTCGTACCAGATGGTCGCAGACACTCTTGGCGTCACCAAGGCCGCGATCTACCACCAGTTCAAGACCAAAGACGACATCGTGATCGCGGTCACCGAGAGGGAACTGTCGAA,Unclassified,Unclassified,,,,,,,,Unclassified sp.,2
SCBI_002-M-7-0-20140825-GEN-DNA1,,803418978ca072f42eefc65c1d19a902,GATGAAGCGCCTCGCGAATGAGCTGGTTGGTGACGTGAGGGCCATAGTAATCGCTGGTGTCGATGTGGTTGATCCCCCGCGCGACCGCTTCGCGAAGTACGGCGAGGGCCGCGTTTCGATCCTTTGGAGGGCCGAACACGCTTGGTCCGGCGAGTTGCATGGCGCCGTAGCCCATACGGTTCACGGTGCGGTT,Unclassified,Unclassified,,,,,,,,Unclassified sp.,2
SCBI_002-M-7-0-20140825-GEN-DNA1,,3fdba86915df648a5785f61636fe41c1,GCCATCGGCAAAAAAAGCGTTGTCCTTGTCCGCACTCAGATTCTCGAAAGGCAGTACGGCCACTCCAGTAGTTGGTGGCAAAACGGCCGCAGTTTTCCAAAACAGCACGGCAACAATCGTGGCCAGTACGGCCACTAGCGGCGTGACGGCCGCGAGCACTGGATTGCGTCGCGCCCATTTACGGCTGC,Unclassified,Unclassified,,,,,,,,Unclassified sp.,2
SCBI_002-M-7-0-20140825-GEN-DNA1,,23cd5d298c89e8b8bffcbbee3a003cd2,TCTCATCAGTCTTTGTTCCGTTCGGGTCCCAATAAGTAGCCTTAAGGTGTATGTCTTTATATTTATGCTGCCCGTTGGAGTTCTTGACCTTCAGCTCCCATCCGATAGTGCCCTCTTTTGACCTATACCACTGGCTCTCCACAATCTTGAGATCTTCGCGCCAATGATTGACGGGGCTAGGGGGAGGTTCAGAAGTG,Unclassified,Unclassified,,,,,,,,Unclassified sp.,2
SCBI_002-M-7-0-20140825-GEN-DNA1,,f6e420b9a6e05adbf652cf8a2a5815e0,AGCGCTCGACCAGTCGCCTGGCCTCGGCAGCAGGGAAGGCTTCATACAGTGAAGCCTTGCTGTGGATGTTCAGGTTGTCCTGGACCAAGACGATGGTCTTGGCGTTGGCAAAGTGGATATCGGCCAAGTCTTTCAAGACGTGAGCGTAATCCACGGCGGTATGGCGGTCCGTGACCTCGACATGGCGCCAGCCCTCAAGTGGGGCAA,Unclassified,Unclassified,,,,,,,,Unclassified sp.,2
